[
    {
        "Participant":1,
        "Country":"Brasil",
        "Neighborhood":"Botafogo",
        "Age":22,
        "Academic_level":"Undergraduate",
        "Sex":"Male"
    },
    {
        "Participant":2,
        "Country":"Brasil",
        "Neighborhood":"Laranjeiras",
        "Age":22,
        "Academic_level":"Undergraduate",
        "Sex":"Male"
    },
    {
        "Participant":3,
        "Country":"Paraguay",
        "Neighborhood":"Botafogo",
        "Age":29,
        "Academic_level":"PhD",
        "Sex":"Male"
    },
    {
        "Participant":4,
        "Country":"Peru",
        "Neighborhood":"Centro",
        "Age":43,
        "Academic_level":"Master",
        "Sex":"Male"
    },
    {
        "Participant":5,
        "Country":"Peru",
        "Neighborhood":"Botafogo",
        "Age":25,
        "Academic_level":"Master",
        "Sex":"Male"
    },
    {
        "Participant":6,
        "Country":"Brasil",
        "Neighborhood":"Botafogo",
        "Age":22,
        "Academic_level":"Master",
        "Sex":"Female"
    },
    {
        "Participant":7,
        "Country":"Peru",
        "Neighborhood":"Botafogo",
        "Age":27,
        "Academic_level":"PhD",
        "Sex":"Male"
    },
    {
        "Participant":8,
        "Country":"Brasil",
        "Neighborhood":"Botafogo",
        "Age":24,
        "Academic_level":"Master",
        "Sex":"Female"
    },
    {
        "Participant":9,
        "Country":"Peru",
        "Neighborhood":"Botafogo",
        "Age":38,
        "Academic_level":"PhD",
        "Sex":"Male"
    },
    {
        "Participant":10,
        "Country":"Brasil",
        "Neighborhood":"Flamengo",
        "Age":22,
        "Academic_level":"Master",
        "Sex":"Male"
    },
    {
        "Participant":11,
        "Country":"Brasil",
        "Neighborhood":"Flamengo",
        "Age":21,
        "Academic_level":"Master",
        "Sex":"Male"
    },
    {
        "Participant":12,
        "Country":"Brasil",
        "Neighborhood":"Flamengo",
        "Age":22,
        "Academic_level":"Master",
        "Sex":"Female"
    },
    {
        "Participant":13,
        "Country":"Peru",
        "Neighborhood":"Botafogo",
        "Age":23,
        "Academic_level":"Master",
        "Sex":"Male"
    },
    {
        "Participant":14,
        "Country":"Peru",
        "Neighborhood":"Botafogo",
        "Age":19,
        "Academic_level":"Undergraduate",
        "Sex":"Female"
    },
    {
        "Participant":15,
        "Country":"Paraguay",
        "Neighborhood":"Laranjeiras",
        "Age":27,
        "Academic_level":"PhD",
        "Sex":"Male"
    },
    {
        "Participant":16,
        "Country":"Paraguay",
        "Neighborhood":"Flamengo",
        "Age":28,
        "Academic_level":"Undergraduate",
        "Sex":"Female"
    },
    {
        "Participant":17,
        "Country":"Peru",
        "Neighborhood":" Botafogo",
        "Age":25,
        "Academic_level":"Undergraduate",
        "Sex":"Male"
    },
    {
        "Participant":18,
        "Country":"Brasil",
        "Neighborhood":"Ramos",
        "Age":20,
        "Academic_level":"Undergraduate",
        "Sex":"Female"
    },
    {
        "Participant":19,
        "Country":"Brasil",
        "Neighborhood":"Flamengo",
        "Age":20,
        "Academic_level":"Undergraduate",
        "Sex":"Male"
    },
    {
        "Participant":20,
        "Country":"Brasil",
        "Neighborhood":"Botafogo",
        "Age":22,
        "Academic_level":"PhD",
        "Sex":"Female"
    },
    {
        "Participant":21,
        "Country":"Brasil",
        "Neighborhood":"Flamengo",
        "Age":20,
        "Academic_level":"Undergraduate",
        "Sex":"Female"
    },
    {
        "Participant":22,
        "Country":"Brasil",
        "Neighborhood":"Flamengo",
        "Age":20,
        "Academic_level":"Undergraduate",
        "Sex":"Female"
    },
    {
        "Participant":23,
        "Country":"Brasil",
        "Neighborhood":"Flamengo",
        "Age":21,
        "Academic_level":"Undergraduate",
        "Sex":"Male"
    },
    {
        "Participant":24,
        "Country":"Brasil",
        "Neighborhood":"Vidigal",
        "Age":23,
        "Academic_level":"Undergraduate",
        "Sex":"Male"
    },
    {
        "Participant":25,
        "Country":"Brasil",
        "Neighborhood":"Botafogo",
        "Age":21,
        "Academic_level":"Undergraduate",
        "Sex":"Male"
    },
    {
        "Participant":26,
        "Country":"Brasil",
        "Neighborhood":"Catete",
        "Age":22,
        "Academic_level":"Undergraduate",
        "Sex":"Male"
    },
    {
        "Participant":27,
        "Country":"Brasil",
        "Neighborhood":"Botafogo",
        "Age":23,
        "Academic_level":"Master",
        "Sex":"Male"
    },
    {
        "Participant":28,
        "Country":"Brasil",
        "Neighborhood":"Catete",
        "Age":21,
        "Academic_level":"Undergraduate",
        "Sex":"Male"
    },
    {
        "Participant":29,
        "Country":"Brasil",
        "Neighborhood":"Botafogo",
        "Age":21,
        "Academic_level":"Undergraduate",
        "Sex":"Male"
    },
    {
        "Participant":30,
        "Country":"Brasil",
        "Neighborhood":"Botafogo",
        "Age":20,
        "Academic_level":"Undergraduate",
        "Sex":"Male"
    }
]